{
  "region": "AirfieldRegion",
  "affineMatrix": {
    "A": 0.4001058726566264,
    "B": -0.00021053705740779933,
    "Tx": 624.7910355259437,
    "C": 0.002575903338719643,
    "D": -0.3999200654680435,
    "Ty": 620.6675125570523
  },
  "generatedAt": "2026-01-31T08:52:56.6029900-06:00",
  "calibPointCount": 26,
  "layerOffsetX": 0,
  "layerOffsetY": 0
}