{
  "region": "AirfieldRegion",
  "affineMatrix": {
    "A": 1.1318508945078982,
    "B": 0.2903914431411093,
    "Tx": 2139.720684954728,
    "C": 0.009211666109983859,
    "D": -1.5096354672490881,
    "Ty": 2355.9271877438478
  },
  "generatedAt": "2026-01-31T09:25:05.1306282-06:00",
  "calibPointCount": 26,
  "layerOffsetX": 0,
  "layerOffsetY": 0
}