{
  "region": "AirfieldRegion",
  "affineMatrix": {
    "A": 0.3957671337740102,
    "B": 0.0014633330632920058,
    "Tx": -297.41896663929737,
    "C": -0.009225459550370704,
    "D": -0.3953671325819358,
    "Ty": -527.8009121913921
  },
  "generatedAt": "2026-01-10T13:13:30.6217771Z",
  "calibPointCount": 26,
  "layerOffsetX": 462.35934,
  "layerOffsetY": 578.776
}