{
  "region": "AirfieldRegion",
  "affineMatrix": {
    "A": 0.4001058717746662,
    "B": -0.00021054061667040078,
    "Tx": -299.8598470384845,
    "C": 0.0025759038108305733,
    "D": -0.3999200674480191,
    "Ty": -534.4401046265392
  },
  "generatedAt": "2026-01-31T08:29:27.2612545-06:00",
  "calibPointCount": 26,
  "layerOffsetX": 462.35934,
  "layerOffsetY": 578.776
}