{
  "region": "AshCanyonRegion",
  "affineMatrix": {
    "A": 1.5239429837177245,
    "B": -0.0032250911672828,
    "Tx": 1654.1806595040252,
    "C": -0.004842054205770234,
    "D": -1.5417902253271363,
    "Ty": 1658.0739558291266
  },
  "generatedAt": "2026-01-17T11:41:26.4935288-06:00",
  "calibPointCount": 33,
  "layerOffsetX": 0,
  "layerOffsetY": 0
}