{
  "region": "AshCanyonRegion",
  "affineMatrix": {
    "A": 1.5239296702979814,
    "B": -0.00334228832284828,
    "Tx": 1654.233761447653,
    "C": -0.004809471061378553,
    "D": -1.541503398056928,
    "Ty": 1657.9439946072864
  },
  "generatedAt": "2026-01-17T11:36:29.4189193-06:00",
  "calibPointCount": 33,
  "layerOffsetX": 0,
  "layerOffsetY": 0
}