{
  "region": "AshCaveB",
  "affineMatrix": {
    "A": 7.187542574829135,
    "B": -0.5280906149347141,
    "Tx": 369.81389561241554,
    "C": 1.0925307054100735,
    "D": -8.46572358216754,
    "Ty": 163.45564333183643
  },
  "generatedAt": "2026-01-16T06:39:42.5011445-06:00",
  "calibPointCount": 10,
  "layerOffsetX": 0,
  "layerOffsetY": 0
}