{
  "region": "AshCanyonRegion",
  "affineMatrix": {
    "A": 1.524344300062807,
    "B": -0.002935961599488206,
    "Tx": 1654.6706766151062,
    "C": -0.004420792142763783,
    "D": -1.5414867255766236,
    "Ty": 1658.5883283552075
  },
  "generatedAt": "2026-02-14T05:10:48.0324858-06:00",
  "calibPointCount": 33,
  "layerOffsetX": 0,
  "layerOffsetY": 0
}