{
  "region": "AshCanyonRegion",
  "affineMatrix": {
    "A": 1.5239685822889273,
    "B": -0.003779518928859808,
    "Tx": 1654.426952196719,
    "C": -0.004673233585384928,
    "D": -1.543034216520419,
    "Ty": 1658.620388166158
  },
  "generatedAt": "2026-01-17T10:34:24.5937777-06:00",
  "calibPointCount": 32,
  "layerOffsetX": 0,
  "layerOffsetY": 0
}