{
  "region": "AshCanyonRegion",
  "affineMatrix": {
    "A": 1.534967215320246,
    "B": -0.0015018140492359222,
    "Tx": 1239.9903891345987,
    "C": -0.004798000477410621,
    "D": -1.5519414828885518,
    "Ty": 1038.2729415862746
  },
  "generatedAt": "2026-01-10T14:02:11.6143617Z",
  "calibPointCount": 5,
  "layerOffsetX": 206.50729,
  "layerOffsetY": 305.72604
}