{
  "region": "AshCanyonRegion",
  "affineMatrix": {
    "A": 1.5391636831999418,
    "B": 0.0012508828556598401,
    "Tx": 1241.2927267631774,
    "C": -0.00017506921435094487,
    "D": -1.5398129285610767,
    "Ty": 1041.8976181007479
  },
  "generatedAt": "2026-01-16T06:55:49.5481230-06:00",
  "calibPointCount": 13,
  "layerOffsetX": 206.50729,
  "layerOffsetY": 305.72604
}