{
  "region": "AshCanyonRegion",
  "affineMatrix": {
    "A": 1.5260558287262846,
    "B": -0.0034195111924407045,
    "Tx": 1655.113109371363,
    "C": -0.007750708858816107,
    "D": -1.5449036035363826,
    "Ty": 1656.7267807201058
  },
  "generatedAt": "2026-01-17T10:07:27.4808618-06:00",
  "calibPointCount": 29,
  "layerOffsetX": 0,
  "layerOffsetY": 0
}