{
  "region": "AshCanyonRegion",
  "affineMatrix": {
    "A": 1.5359477476743773,
    "B": 0.0012583688185533236,
    "Tx": 1655.4915393907795,
    "C": -0.012284973296128179,
    "D": -1.5488524655005143,
    "Ty": 1657.0590263232475
  },
  "generatedAt": "2026-01-16T10:18:12.0569820-06:00",
  "calibPointCount": 20,
  "layerOffsetX": 0,
  "layerOffsetY": 0
}