{
  "region": "AshCanyonRegion",
  "affineMatrix": {
    "A": 1.5291808494416952,
    "B": -0.002741357423759743,
    "Tx": 1657.0236515840866,
    "C": -0.007901059935767455,
    "D": -1.5450714532945409,
    "Ty": 1657.1116750052406
  },
  "generatedAt": "2026-01-17T07:44:59.6447193-06:00",
  "calibPointCount": 25,
  "layerOffsetX": 0,
  "layerOffsetY": 0
}