{
  "region": "AshCaveA",
  "affineMatrix": {
    "A": 6.233513217514153,
    "B": -0.10085804295073135,
    "Tx": 625.3951627948592,
    "C": -0.011115663932706792,
    "D": -5.334942987338273,
    "Ty": 462.53074797798496
  },
  "generatedAt": "2026-01-17T12:37:32.9525041-06:00",
  "calibPointCount": 10,
  "layerOffsetX": 0,
  "layerOffsetY": 0
}