{
  "region": "AshMine",
  "affineMatrix": {
    "A": 7.268959607400094,
    "B": -0.18662316249882016,
    "Tx": 2330.750532888094,
    "C": 1.3257076413243791,
    "D": -6.179072631987515,
    "Ty": 2259.282223188085
  },
  "generatedAt": "2026-01-16T09:58:01.3980259-06:00",
  "calibPointCount": 7,
  "layerOffsetX": 0,
  "layerOffsetY": 0
}