{
  "region": "BlackrockInteriorASurvival",
  "affineMatrix": {
    "A": -5.133435967711278,
    "B": -8.483672662356787,
    "Tx": 595.595833875963,
    "C": 0.5517229151895032,
    "D": 7.3945978054061765,
    "Ty": 397.46114963314557
  },
  "generatedAt": "2026-01-14T17:24:09.0842281-06:00",
  "calibPointCount": 7,
  "layerOffsetX": 0,
  "layerOffsetY": 0
}