{
  "region": "BlackrockRegion",
  "affineMatrix": {
    "A": 1.5036398193161724,
    "B": 0.005971929506544624,
    "Tx": 1935.4023783250632,
    "C": 0.005647472110535715,
    "D": -1.5212782597472756,
    "Ty": 1786.7724699016858
  },
  "generatedAt": "2026-01-13T15:47:23.4010947-06:00",
  "calibPointCount": 24,
  "layerOffsetX": 0,
  "layerOffsetY": 0
}