{
  "region": "BlackrockRegion",
  "affineMatrix": {
    "A": 1.5049428803090574,
    "B": 0.0055732120707790616,
    "Tx": 1934.8501177242863,
    "C": 0.0074720302265937205,
    "D": -1.5218365476074847,
    "Ty": 1785.9991894744232
  },
  "generatedAt": "2026-01-13T15:52:26.5941620-06:00",
  "calibPointCount": 25,
  "layerOffsetX": 0,
  "layerOffsetY": 0
}