{
  "region": "BlackrockMineA",
  "affineMatrix": {
    "A": 5.654236632594344,
    "B": -2.4205384721361205,
    "Tx": 2440.861976823234,
    "C": 0.42190212915596065,
    "D": -6.5657262797003115,
    "Ty": 2029.4880580165895
  },
  "generatedAt": "2026-01-15T08:12:45.8954491-06:00",
  "calibPointCount": 7,
  "layerOffsetX": 0,
  "layerOffsetY": 0
}