{
  "region": "BlackrockPrisonSurvivalZone",
  "affineMatrix": {
    "A": 2.5900477381853353,
    "B": 1.158085366016083,
    "Tx": 2003.0263551563603,
    "C": 1.2504759190537276,
    "D": -2.636391112599074,
    "Ty": 984.3790258497562
  },
  "generatedAt": "2026-01-14T16:49:28.9124182-06:00",
  "calibPointCount": 7,
  "layerOffsetX": 0,
  "layerOffsetY": 0
}