{
  "region": "BlackrockCaveA",
  "affineMatrix": {
    "A": 6.005442054732491,
    "B": 0.3782368940355785,
    "Tx": 515.2951243083934,
    "C": 0.3495475306306735,
    "D": -6.008871083339861,
    "Ty": 908.1106504833296
  },
  "generatedAt": "2026-01-15T15:05:28.6630144-06:00",
  "calibPointCount": 9,
  "layerOffsetX": 0,
  "layerOffsetY": 0
}