{
  "region": "BlackrockRegion",
  "affineMatrix": {
    "A": 1.5079893936035231,
    "B": 0.004641023957231419,
    "Tx": 1933.5589507939098,
    "C": 0.005519841661913216,
    "D": -1.5212392067133207,
    "Ty": 1786.8265619730607
  },
  "generatedAt": "2026-01-13T15:37:06.5912440-06:00",
  "calibPointCount": 25,
  "layerOffsetX": 0,
  "layerOffsetY": 0
}