{
  "region": "BlackrockMineA",
  "affineMatrix": {
    "A": 5.535916719297671,
    "B": -2.56477877607335,
    "Tx": 2444.338933961182,
    "C": 0.40843422258594997,
    "D": -6.588218943168382,
    "Ty": 2031.7933955913566
  },
  "generatedAt": "2026-01-15T08:29:46.9891132-06:00",
  "calibPointCount": 8,
  "layerOffsetX": 0,
  "layerOffsetY": 0
}