{
  "region": "BlackrockMineA",
  "affineMatrix": {
    "A": 2.388031614903849,
    "B": -5.239544917809436,
    "Tx": 2288.897309906555,
    "C": 1.2384533595391591,
    "D": -5.860974689030006,
    "Ty": 2067.4792236272924
  },
  "generatedAt": "2026-01-15T06:55:30.5983084-06:00",
  "calibPointCount": 7,
  "layerOffsetX": 0,
  "layerOffsetY": 0
}