{
  "region": "BlackrockTransitionZone",
  "affineMatrix": {
    "A": -1.4806256447168384,
    "B": 0.02432578893233084,
    "Tx": 1754.8743752605033,
    "C": 0.016905727138419768,
    "D": 1.4997824762078704,
    "Ty": 553.122304830796
  },
  "generatedAt": "2026-01-18T11:43:53.0585017-06:00",
  "calibPointCount": 4,
  "layerOffsetX": 0,
  "layerOffsetY": 0
}