{
  "region": "BlackrockSteamTunnelsASurvival",
  "affineMatrix": {
    "A": -11.000192396032848,
    "B": -12.486422207887728,
    "Tx": 14.346183499870545,
    "C": -11.320172121798173,
    "D": -2.0926475963304982,
    "Ty": 184.09676814908502
  },
  "generatedAt": "2026-01-15T14:23:13.2474991-06:00",
  "calibPointCount": 6,
  "layerOffsetX": 0,
  "layerOffsetY": 0
}