{
  "region": "CanneryRegion",
  "affineMatrix": {
    "A": 1.4800469316471039,
    "B": -0.006543287532613747,
    "Tx": 2060.9759733827896,
    "C": -0.005387630070730863,
    "D": -1.5346363063979098,
    "Ty": 2204.9019484137957
  },
  "generatedAt": "2026-01-21T06:56:37.3546779-06:00",
  "calibPointCount": 17,
  "layerOffsetX": 0,
  "layerOffsetY": 0
}