{
  "region": "CanneryRegion",
  "affineMatrix": {
    "A": 1.494805485464593,
    "B": -1.908455166072848E-05,
    "Tx": 2065.1556274947943,
    "C": -0.007100914827601624,
    "D": -1.5246371306471265,
    "Ty": 2210.216498985458
  },
  "generatedAt": "2026-01-21T08:57:18.4510420-06:00",
  "calibPointCount": 31,
  "layerOffsetX": 0,
  "layerOffsetY": 0
}