{
  "region": "CanyonRoadCave",
  "affineMatrix": {
    "A": 6.154438732316759,
    "B": -0.1008054318788015,
    "Tx": 167.4113579677612,
    "C": 0.08282785123915852,
    "D": -7.170890974231208,
    "Ty": 373.86177213639616
  },
  "generatedAt": "2026-01-24T14:46:11.1945345-06:00",
  "calibPointCount": 6,
  "layerOffsetX": 0,
  "layerOffsetY": 0
}