{
  "region": "CanyonRoadTransitionZone",
  "affineMatrix": {
    "A": -1.5349519953985682,
    "B": 0.06017985886070434,
    "Tx": 1736.1537269606517,
    "C": 0.10672933945160083,
    "D": 1.4800027849398274,
    "Ty": 526.7500238698188
  },
  "generatedAt": "2026-01-17T14:38:42.9855478-06:00",
  "calibPointCount": 4,
  "layerOffsetX": 0,
  "layerOffsetY": 0
}