{
  "region": "CanyonRoadCave",
  "affineMatrix": {
    "A": 6.154682369312509,
    "B": -0.06209869653673299,
    "Tx": 194.11934148235622,
    "C": 0.0801623239753307,
    "D": -7.198446025295152,
    "Ty": 375.7261566203044
  },
  "generatedAt": "2026-01-24T14:42:12.3009552-06:00",
  "calibPointCount": 6,
  "layerOffsetX": 0,
  "layerOffsetY": 0
}