{
  "region": "CaveD",
  "affineMatrix": {
    "A": 6.298948666579546,
    "B": 0.42492688808185675,
    "Tx": 407.3290334441619,
    "C": 0.6638337280011888,
    "D": -7.590453794822659,
    "Ty": 1147.7100805739267
  },
  "generatedAt": "2026-01-22T06:58:59.8367819-06:00",
  "calibPointCount": 8,
  "layerOffsetX": 0,
  "layerOffsetY": 0
}