{
  "region": "CaveC",
  "affineMatrix": {
    "A": 9.450092323805963,
    "B": 1.8466790933955366,
    "Tx": 767.8539247943809,
    "C": 1.0577971605180296,
    "D": -8.349293493324879,
    "Ty": 279.99771751795424
  },
  "generatedAt": "2026-01-21T05:13:22.0132763-06:00",
  "calibPointCount": 5,
  "layerOffsetX": 0,
  "layerOffsetY": 0
}