{
  "region": "CaveC",
  "affineMatrix": {
    "A": 9.347097223541589,
    "B": 1.9599349043659482,
    "Tx": 767.2673314660232,
    "C": -1.600419407968041,
    "D": -6.272619402415832,
    "Ty": 349.1472185284847
  },
  "generatedAt": "2026-01-21T04:55:02.5140838-06:00",
  "calibPointCount": 4,
  "layerOffsetX": 0,
  "layerOffsetY": 0
}