{
  "region": "CoastalRegion",
  "affineMatrix": {
    "A": 1.5073742196997126,
    "B": 0.00157332059661085,
    "Tx": 2167.1897892417765,
    "C": 0.011767194042593937,
    "D": -1.4923597047338686,
    "Ty": 2156.2445098144694
  },
  "generatedAt": "2026-01-09T23:07:35.0466309Z",
  "calibPointCount": 19,
  "layerOffsetX": 0,
  "layerOffsetY": 0
}