{
  "region": "CrashMountainRegion",
  "affineMatrix": {
    "A": 1.4546162262361413,
    "B": -0.0022509419856779063,
    "Tx": 70.96811183068205,
    "C": 0.0013905931126905675,
    "D": -1.4645066263415725,
    "Ty": 2998.3601880903375
  },
  "generatedAt": "2026-01-17T13:17:29.5253579-06:00",
  "calibPointCount": 23,
  "layerOffsetX": 0,
  "layerOffsetY": 0
}