{
  "region": "CrashMountainRegion",
  "affineMatrix": {
    "A": 1.461456111247967,
    "B": -0.0010674109833406454,
    "Tx": 59.344836170190035,
    "C": 0.00498501787220647,
    "D": -1.469190403487531,
    "Ty": 2999.419899524191
  },
  "generatedAt": "2026-01-13T14:52:33.1146489-06:00",
  "calibPointCount": 14,
  "layerOffsetX": 0,
  "layerOffsetY": 0
}