{
  "region": "CrashMountainRegion",
  "affineMatrix": {
    "A": 1.4557522024547918,
    "B": 0.0006629934993546044,
    "Tx": 67.49100933333582,
    "C": 0.001117467747982383,
    "D": -1.4680453220828509,
    "Ty": 3002.1819796335158
  },
  "generatedAt": "2026-01-15T16:17:54.5729952-06:00",
  "calibPointCount": 18,
  "layerOffsetX": 0,
  "layerOffsetY": 0
}