{
  "region": "CrashMountainRegion",
  "affineMatrix": {
    "A": 1.4549266238746676,
    "B": 0.00028983702198533026,
    "Tx": 68.50546741756106,
    "C": 0.0003794137636923171,
    "D": -1.4666541341367552,
    "Ty": 3002.3526842469623
  },
  "generatedAt": "2026-01-16T04:39:20.5883199-06:00",
  "calibPointCount": 20,
  "layerOffsetX": 0,
  "layerOffsetY": 0
}