{
  "region": "Dam",
  "affineMatrix": {
    "A": -29.953971260606213,
    "B": 23.47195552302675,
    "Tx": 2101.7023456303073,
    "C": 0.21757587181640275,
    "D": 17.331695917033684,
    "Ty": 2980.0450719799064
  },
  "generatedAt": "2026-01-13T13:38:42.3157149-06:00",
  "calibPointCount": 8,
  "layerOffsetX": 0,
  "layerOffsetY": 0
}