{
  "region": "DamRiverTransitionZoneB",
  "affineMatrix": {
    "A": 2.255231077225609,
    "B": 0.07623085291775654,
    "Tx": 1465.5545398961415,
    "C": -0.028741764485534383,
    "D": -2.3645886761954813,
    "Ty": 2268.9676576125075
  },
  "generatedAt": "2026-01-13T14:29:59.5007017-06:00",
  "calibPointCount": 6,
  "layerOffsetX": 0,
  "layerOffsetY": 0
}