{
  "region": "DamTransitionZone",
  "affineMatrix": {
    "A": -17.133079709369664,
    "B": -0.47135194123771457,
    "Tx": 276.17115878009884,
    "C": 0.015365921231416642,
    "D": 17.608165288512176,
    "Ty": 1663.656874129242
  },
  "generatedAt": "2026-01-13T14:10:47.7783249-06:00",
  "calibPointCount": 4,
  "layerOffsetX": 0,
  "layerOffsetY": 0
}