{
  "region": "HubCave",
  "affineMatrix": {
    "A": 3.0839197870533197,
    "B": 0.7926672259446492,
    "Tx": 803.549574939896,
    "C": 2.4188027404474752,
    "D": -0.8570614494368114,
    "Ty": 1352.8493767508212
  },
  "generatedAt": "2026-01-12T07:51:51.3140964-06:00",
  "calibPointCount": 13,
  "layerOffsetX": 0,
  "layerOffsetY": 0
}