{
  "region": "HubCave",
  "affineMatrix": {
    "A": 3.1404935790767556,
    "B": 0.8341016608764806,
    "Tx": 793.0276158817871,
    "C": 2.449358674477536,
    "D": -0.8702497840878282,
    "Ty": 1368.1782824057454
  },
  "generatedAt": "2026-01-12T06:48:39.1641814-06:00",
  "calibPointCount": 10,
  "layerOffsetX": 0,
  "layerOffsetY": 0
}