{
  "region": "HubCave",
  "affineMatrix": {
    "A": 3.145641163132149,
    "B": 0.8309617849835792,
    "Tx": 816.7713816110816,
    "C": 2.4449667895536966,
    "D": -0.8676648926917988,
    "Ty": 1365.5751637185124
  },
  "generatedAt": "2026-01-12T06:36:49.6341513-06:00",
  "calibPointCount": 10,
  "layerOffsetX": 0,
  "layerOffsetY": 0
}