{
  "region": "HubRegion",
  "affineMatrix": {
    "A": 1.5299233001486678,
    "B": -0.01211933314362555,
    "Tx": 1298.1991317516893,
    "C": -0.024993211330810918,
    "D": -1.582007477149545,
    "Ty": 1317.3092989484255
  },
  "generatedAt": "2026-01-12T08:53:34.0632957-06:00",
  "calibPointCount": 7,
  "layerOffsetX": 0,
  "layerOffsetY": 0
}