{
  "region": "HubRegion",
  "affineMatrix": {
    "A": 1.5427575868628125,
    "B": -0.012588169206567652,
    "Tx": 1296.9418164344238,
    "C": -0.0076677635203854675,
    "D": -1.582640375176607,
    "Ty": 1315.612005487891
  },
  "generatedAt": "2026-01-12T08:11:03.6467830-06:00",
  "calibPointCount": 6,
  "layerOffsetX": 0,
  "layerOffsetY": 0
}