{
  "region": "IceCaveB",
  "affineMatrix": {
    "A": -0.022710205872698095,
    "B": 5.440076562861212,
    "Tx": 334.0347371846049,
    "C": 5.252220215510955,
    "D": 0.1843306497082243,
    "Ty": 351.5608171732187
  },
  "generatedAt": "2026-01-24T06:33:51.0434614-06:00",
  "calibPointCount": 15,
  "layerOffsetX": 0,
  "layerOffsetY": 0
}