{
  "region": "IceCaveA",
  "affineMatrix": {
    "A": -0.4336036637457247,
    "B": -1.8016216041197457,
    "Tx": 1394.5398097693867,
    "C": 5.860428401078049,
    "D": 11.214382143773411,
    "Ty": 351.5097577676098
  },
  "generatedAt": "2026-01-23T16:11:41.1675965-06:00",
  "calibPointCount": 3,
  "layerOffsetX": 0,
  "layerOffsetY": 0
}