{
  "region": "IceCaveB",
  "affineMatrix": {
    "A": -0.05213473156394128,
    "B": 5.471164749342035,
    "Tx": 331.8330915825894,
    "C": 5.338485809943834,
    "D": 0.20940454309472673,
    "Ty": 350.258799743669
  },
  "generatedAt": "2026-01-24T05:54:32.3381786-06:00",
  "calibPointCount": 12,
  "layerOffsetX": 0,
  "layerOffsetY": 0
}