{
  "region": "IceCaveB",
  "affineMatrix": {
    "A": -0.8985735001385591,
    "B": 4.8181314391234915,
    "Tx": 442.82720313101146,
    "C": 4.8233531263884935,
    "D": 0.5284755284384465,
    "Ty": 370.88826358177295
  },
  "generatedAt": "2026-01-24T05:15:49.5077211-06:00",
  "calibPointCount": 3,
  "layerOffsetX": 0,
  "layerOffsetY": 0
}