{
  "region": "IceCaveA",
  "affineMatrix": {
    "A": 0.08215528587885117,
    "B": 5.652135969930781,
    "Tx": 927.8575581164318,
    "C": 5.178117407208985,
    "D": 0.11651239896528441,
    "Ty": 1005.6132166845344
  },
  "generatedAt": "2026-01-24T05:07:17.1408880-06:00",
  "calibPointCount": 11,
  "layerOffsetX": 0,
  "layerOffsetY": 0
}