{
  "region": "LakeRegion",
  "affineMatrix": {
    "A": 2.006128384338003,
    "B": -0.007217397410635564,
    "Tx": 489.6706394867816,
    "C": -0.021088807262894447,
    "D": -2.0013552121576006,
    "Ty": 4100.827219763949
  },
  "generatedAt": "2026-03-10T09:07:15.6137729-05:00",
  "calibPointCount": 30,
  "layerOffsetX": 0,
  "layerOffsetY": 0
}