{
  "region": "LakeRegion",
  "affineMatrix": {
    "A": 2.0012341859879426,
    "B": 0.010401446025011576,
    "Tx": 481.7549941880839,
    "C": -0.0019146757582060737,
    "D": -2.0104658507490556,
    "Ty": 4091.623165177348
  },
  "generatedAt": "2026-01-13T06:16:12.1686596-06:00",
  "calibPointCount": 19,
  "layerOffsetX": 0,
  "layerOffsetY": 0
}