{
  "region": "LakeRegion",
  "affineMatrix": {
    "A": 2.0019717964526866,
    "B": 0.012525731644462317,
    "Tx": 482.64770555026485,
    "C": -0.002031175667332589,
    "D": -2.01080136535121,
    "Ty": 4091.4821682724178
  },
  "generatedAt": "2026-01-13T06:10:45.0725087-06:00",
  "calibPointCount": 18,
  "layerOffsetX": 0,
  "layerOffsetY": 0
}