{
  "region": "LongTransitionCave",
  "affineMatrix": {
    "A": 7.9064326380601155,
    "B": 0.5249563301917471,
    "Tx": 743.9696144935904,
    "C": 1.5427989515519414,
    "D": -9.065382377123445,
    "Ty": 462.3259603959523
  },
  "generatedAt": "2026-01-25T09:35:21.9880841-06:00",
  "calibPointCount": 5,
  "layerOffsetX": -54.251534,
  "layerOffsetY": -34.244495
}