{
  "region": "LongTransitionCave",
  "affineMatrix": {
    "A": 29.357081606289757,
    "B": 1.6331828343135406,
    "Tx": 2401.619042197893,
    "C": 4.744040050652689,
    "D": -32.71062572959998,
    "Ty": 724.2063785903281
  },
  "generatedAt": "2026-01-25T07:48:22.5436697-06:00",
  "calibPointCount": 5,
  "layerOffsetX": 0,
  "layerOffsetY": 0
}