{
  "region": "LongTransitionCave",
  "affineMatrix": {
    "A": 9.111423727241627,
    "B": 0.6044879138932336,
    "Tx": 761.4323602825841,
    "C": 1.628506665363029,
    "D": -10.617030410507546,
    "Ty": 317.4170304927604
  },
  "generatedAt": "2026-01-25T09:25:54.4513074-06:00",
  "calibPointCount": 5,
  "layerOffsetX": -54.251534,
  "layerOffsetY": -34.244495
}