{
  "region": "MarshRegion",
  "affineMatrix": {
    "A": 1.5169478148758566,
    "B": 0.008955519540175911,
    "Tx": 356.82121544756086,
    "C": 0.0031507423208343988,
    "D": -1.5199571921755288,
    "Ty": 3384.5515513317296
  },
  "generatedAt": "2026-01-12T16:32:29.7314452-06:00",
  "calibPointCount": 4,
  "layerOffsetX": 0,
  "layerOffsetY": 0
}