{
  "region": "MarshRegion",
  "affineMatrix": {
    "A": 1.517711200639057,
    "B": -0.0008566891546414175,
    "Tx": 374.7798804509861,
    "C": 0.0067793732585497025,
    "D": -1.5090215299756067,
    "Ty": 3365.113689337145
  },
  "generatedAt": "2026-01-13T05:44:54.0788366-06:00",
  "calibPointCount": 16,
  "layerOffsetX": 0,
  "layerOffsetY": 0
}