{
  "region": "MineTransitionZone",
  "affineMatrix": {
    "A": -1.0330628430804274,
    "B": -3.1225614602288383,
    "Tx": 1259.153195564638,
    "C": 2.0369997382623337,
    "D": -3.5090639031584248,
    "Ty": 1436.7106084465718
  },
  "generatedAt": "2026-01-19T08:14:41.9696314-06:00",
  "calibPointCount": 6,
  "layerOffsetX": 0,
  "layerOffsetY": 0
}