{
  "region": "MineTransitionZone",
  "affineMatrix": {
    "A": 0.2284461446441039,
    "B": -3.3709490425074513,
    "Tx": 1335.5592488391007,
    "C": 2.4761781599457353,
    "D": -3.8329144788681377,
    "Ty": 1572.105595667138
  },
  "generatedAt": "2026-03-11T09:24:35.1212501-05:00",
  "calibPointCount": 18,
  "layerOffsetX": 0,
  "layerOffsetY": 0
}