{
  "region": "MineTransitionZone",
  "affineMatrix": {
    "A": -1.7063227387476476,
    "B": -3.6845155690978717,
    "Tx": 1297.82672403826,
    "C": 2.6439596418549556,
    "D": -3.702067147305441,
    "Ty": 1600.3322467816827
  },
  "generatedAt": "2026-01-19T14:45:06.8050449-06:00",
  "calibPointCount": 13,
  "layerOffsetX": 0,
  "layerOffsetY": 0
}