{
  "region": "MineTransitionZone_AuroraMine",
  "affineMatrix": {
    "A": 10.552331732046348,
    "B": 2.001309361753381,
    "Tx": 2248.017235534719,
    "C": 2.6959256786161983,
    "D": -5.74009425392682,
    "Ty": 2284.0262740517
  },
  "generatedAt": "2026-03-11T09:17:25.3035635-05:00",
  "calibPointCount": 11,
  "layerOffsetX": 0,
  "layerOffsetY": 0
}