{
  "region": "MineTransitionZone",
  "affineMatrix": {
    "A": -0.9709065492337126,
    "B": -3.0355650646336465,
    "Tx": 1262.2632475447685,
    "C": 2.2505366866762047,
    "D": -3.210189184465961,
    "Ty": 1447.395142033522
  },
  "generatedAt": "2026-01-19T08:06:40.5258840-06:00",
  "calibPointCount": 6,
  "layerOffsetX": 0,
  "layerOffsetY": 0
}