{
  "region": "MineTransitionZone",
  "affineMatrix": {
    "A": -1.7184320423876926,
    "B": -3.645287828227431,
    "Tx": 1287.1004110120737,
    "C": 2.6428443093261613,
    "D": -3.6984540596561084,
    "Ty": 1599.3442951877892
  },
  "generatedAt": "2026-01-19T14:51:08.7128093-06:00",
  "calibPointCount": 13,
  "layerOffsetX": 0,
  "layerOffsetY": 0
}