{
  "region": "MineTransitionZone_AuroraMine",
  "affineMatrix": {
    "A": 10.593723140773296,
    "B": 2.009253329226254,
    "Tx": 2251.0011219045214,
    "C": 2.780310720641773,
    "D": -5.820658643078252,
    "Ty": 2324.7944924268163
  },
  "generatedAt": "2026-03-10T16:17:55.0295394-05:00",
  "calibPointCount": 9,
  "layerOffsetX": 0,
  "layerOffsetY": 0
}