{
  "region": "MiningRegion",
  "affineMatrix": {
    "A": 1.494370451000176,
    "B": -0.006333323760612094,
    "Tx": 1098.182243771146,
    "C": 0.003970392860585313,
    "D": -1.5159179021735316,
    "Ty": 587.2643011846686
  },
  "generatedAt": "2026-01-10T10:14:52.8371745Z",
  "calibPointCount": 31,
  "layerOffsetX": 248.31145,
  "layerOffsetY": 352.29269
}