{
  "region": "MiningRegionMine",
  "affineMatrix": {
    "A": 3.537443085260467,
    "B": 0.9880981294646689,
    "Tx": 915.5711516067653,
    "C": 0.17006129874259013,
    "D": -3.1340874174373767,
    "Ty": 1093.5822500719064
  },
  "generatedAt": "2026-01-10T12:49:15.2590239Z",
  "calibPointCount": 48,
  "layerOffsetX": 0,
  "layerOffsetY": 0
}