{
  "region": "MountainTownRegion",
  "affineMatrix": {
    "A": 1.5223761253051837,
    "B": 0.0011340039454100295,
    "Tx": -255.32506545667866,
    "C": -0.007778781351936633,
    "D": -1.519692350014981,
    "Ty": 3876.5582978902403
  },
  "generatedAt": "2026-01-27T13:08:35.9527454-06:00",
  "calibPointCount": 17,
  "layerOffsetX": 0,
  "layerOffsetY": 0
}