{
  "region": "MountainTownRegion",
  "affineMatrix": {
    "A": 1.5192424216362097,
    "B": -0.0005452327407006303,
    "Tx": -247.61413846105833,
    "C": -0.004404133620287709,
    "D": -1.517884000256267,
    "Ty": 3868.254493496646
  },
  "generatedAt": "2026-01-27T13:22:01.7156707-06:00",
  "calibPointCount": 18,
  "layerOffsetX": 0,
  "layerOffsetY": 0
}