{
  "region": "MountainPassCaveA",
  "affineMatrix": {
    "A": 0.08103546643638591,
    "B": 4.062664335739916,
    "Tx": 2153.1699287872057,
    "C": 4.720887183566685,
    "D": -0.06438747555889401,
    "Ty": 548.1380574112295
  },
  "generatedAt": "2026-01-12T05:01:53.5396727-06:00",
  "calibPointCount": 9,
  "layerOffsetX": 0,
  "layerOffsetY": 0
}