{
  "region": "MountainCaveA",
  "affineMatrix": {
    "A": -2.7212165136273962,
    "B": -6.8143602348857595,
    "Tx": 486.19817017113655,
    "C": -5.574925497563278,
    "D": -0.033405423453276996,
    "Ty": 1106.7842546343793
  },
  "generatedAt": "2026-01-15T15:54:51.3141506-06:00",
  "calibPointCount": 6,
  "layerOffsetX": 0,
  "layerOffsetY": 0
}