{
  "region": "MountainTownCaveB",
  "affineMatrix": {
    "A": 7.318894117107695,
    "B": -0.7814735267705172,
    "Tx": 1004.7912210400362,
    "C": 0.054783954662115025,
    "D": -7.228494117185898,
    "Ty": 1027.1064419778957
  },
  "generatedAt": "2026-01-24T11:31:15.8794767-06:00",
  "calibPointCount": 5,
  "layerOffsetX": 0,
  "layerOffsetY": 0
}