{
  "region": "MountainCaveB",
  "affineMatrix": {
    "A": -5.0389692223082925,
    "B": -29.193350212916638,
    "Tx": 2104.3389466059352,
    "C": -2.861252249483438,
    "D": -12.914614670393323,
    "Ty": 976.30969630354
  },
  "generatedAt": "2026-01-16T05:22:09.0617346-06:00",
  "calibPointCount": 10,
  "layerOffsetX": 0,
  "layerOffsetY": 0
}