{
  "region": "MountainTownCaveB",
  "affineMatrix": {
    "A": 10.618323232460636,
    "B": 0.7995249294370654,
    "Tx": 815.9175778271132,
    "C": -0.3591527896567065,
    "D": -9.657830733527964,
    "Ty": 997.072377163431
  },
  "generatedAt": "2026-01-23T15:26:09.2381843-06:00",
  "calibPointCount": 7,
  "layerOffsetX": 0,
  "layerOffsetY": 0
}