{
  "region": "MountainTownCaveA",
  "affineMatrix": {
    "A": -0.6292269156567077,
    "B": -8.708570492943435,
    "Tx": 73.30599785835041,
    "C": -13.14714811171481,
    "D": 4.203796257649851,
    "Ty": -483.3316440002077
  },
  "generatedAt": "2026-01-23T14:05:54.3025872-06:00",
  "calibPointCount": 7,
  "layerOffsetX": 0,
  "layerOffsetY": 0
}