{
  "region": "MountainPassRegion",
  "affineMatrix": {
    "A": -1.4150415018790343,
    "B": 0.02528141496257113,
    "Tx": 2327.052148187576,
    "C": 0.10479078053054075,
    "D": 1.4774628790305822,
    "Ty": 2538.4131605100392
  },
  "generatedAt": "2026-01-11T11:56:34.8136317-06:00",
  "calibPointCount": 26,
  "layerOffsetX": 0,
  "layerOffsetY": 0
}