{
  "region": "MountainTownRegion",
  "affineMatrix": {
    "A": 1.5276189450714273,
    "B": -0.007690010005513305,
    "Tx": -247.58318945883738,
    "C": -0.011441453680512546,
    "D": -1.5140231774348027,
    "Ty": 3869.761142099732
  },
  "generatedAt": "2026-01-27T08:16:08.5125533-06:00",
  "calibPointCount": 16,
  "layerOffsetX": 0,
  "layerOffsetY": 0
}