{
  "region": "MountainTownRegion",
  "affineMatrix": {
    "A": 1.520035114314496,
    "B": -0.0017413942383193053,
    "Tx": -247.14051949262617,
    "C": -0.0033311570015168187,
    "D": -1.5195031060640738,
    "Ty": 3868.895576848686
  },
  "generatedAt": "2026-01-27T13:57:36.9800390-06:00",
  "calibPointCount": 19,
  "layerOffsetX": 0,
  "layerOffsetY": 0
}