{
  "region": "MountainTownRegion",
  "affineMatrix": {
    "A": 1.5200354791399369,
    "B": -0.001741132694121044,
    "Tx": -247.14149598874135,
    "C": -0.0033317202024227333,
    "D": -1.5195035098240972,
    "Ty": 3868.897084318925
  },
  "generatedAt": "2026-01-27T16:49:20.2948855-06:00",
  "calibPointCount": 20,
  "layerOffsetX": 0,
  "layerOffsetY": 0
}