{
  "region": "MountainTownCaveA",
  "affineMatrix": {
    "A": 11.431276170757416,
    "B": -3.9422499670316222,
    "Tx": 1284.1755867439495,
    "C": -5.022422515342798,
    "D": -9.945239902506065,
    "Ty": -177.55521240203856
  },
  "generatedAt": "2026-01-26T09:26:50.0505559-06:00",
  "calibPointCount": 7,
  "layerOffsetX": 0,
  "layerOffsetY": 0
}