{
  "region": "MountainTownRegion",
  "affineMatrix": {
    "A": 1.5272515231815251,
    "B": -0.006634012655771712,
    "Tx": -246.73933364619393,
    "C": -0.011544386322762605,
    "D": -1.513727341502312,
    "Ty": 3869.9975469271503
  },
  "generatedAt": "2026-01-27T12:47:54.3860261-06:00",
  "calibPointCount": 17,
  "layerOffsetX": 0,
  "layerOffsetY": 0
}