{
  "region": "MountainTownRegion",
  "affineMatrix": {
    "A": 1.526334278796921,
    "B": -0.005913289208096271,
    "Tx": -247.91772765453436,
    "C": -0.01736508868022764,
    "D": -1.5083044746509555,
    "Ty": 3870.6148066073706
  },
  "generatedAt": "2026-01-11T09:08:59.8113589-06:00",
  "calibPointCount": 14,
  "layerOffsetX": 0,
  "layerOffsetY": 0
}