{
  "region": "MountainTownCaveA",
  "affineMatrix": {
    "A": 6.765766357168216,
    "B": -2.3171180737417405,
    "Tx": 890.1002295483854,
    "C": -2.8877112503178384,
    "D": -5.932969259745025,
    "Ty": 1421.6927214995012
  },
  "generatedAt": "2026-01-26T09:16:45.9369413-06:00",
  "calibPointCount": 7,
  "layerOffsetX": -63.041431,
  "layerOffsetY": -759.59937
}