{
  "region": "MountainPassCaveA",
  "affineMatrix": {
    "A": 0.06284341296515672,
    "B": 2.2518806990387787,
    "Tx": 3995.0411412213552,
    "C": 2.232388190346531,
    "D": -0.03473633201745606,
    "Ty": 4441.212017405045
  },
  "generatedAt": "2026-01-11T14:57:08.3669490-06:00",
  "calibPointCount": 4,
  "layerOffsetX": 0,
  "layerOffsetY": 0
}