{
  "region": "MountainPassCaveA",
  "affineMatrix": {
    "A": 0.06634989311465045,
    "B": 2.2399942480892956,
    "Tx": 3992.20020265002,
    "C": 2.2315922606109737,
    "D": -0.028796803028871304,
    "Ty": 4442.528926615376
  },
  "generatedAt": "2026-01-11T15:09:56.9587993-06:00",
  "calibPointCount": 9,
  "layerOffsetX": 0,
  "layerOffsetY": 0
}