{
  "region": "MountainTownCaveA",
  "affineMatrix": {
    "A": -0.7351200047467189,
    "B": -6.529480820409721,
    "Tx": 246.84374828897347,
    "C": -8.045557272701245E-15,
    "D": 4.646147693496595E-15,
    "Ty": 565.8101799999994
  },
  "generatedAt": "2026-01-22T12:51:57.1492214-06:00",
  "calibPointCount": 5,
  "layerOffsetX": 0,
  "layerOffsetY": 0
}