{
  "region": "RavineTransitionZone",
  "affineMatrix": {
    "A": 1.517216945730828,
    "B": 0.06532948843961951,
    "Tx": 1934.07395081285,
    "C": 0.032410779965515196,
    "D": -1.4345078038935655,
    "Ty": 855.3095827756557
  },
  "generatedAt": "2026-03-10T15:45:22.5405988-05:00",
  "calibPointCount": 10,
  "layerOffsetX": 0,
  "layerOffsetY": 0
}