{
  "region": "RavineTransitionZone",
  "affineMatrix": {
    "A": 0.4021855951230032,
    "B": 0.0185154748616441,
    "Tx": 337.09946225390564,
    "C": 0.010162232746089319,
    "D": -0.38496396759967655,
    "Ty": 132.24349400941622
  },
  "generatedAt": "2026-01-10T12:36:55.2818388Z",
  "calibPointCount": 7,
  "layerOffsetX": 87.180199,
  "layerOffsetY": 47.09584
}