{
  "region": "RiverValleyRegion",
  "affineMatrix": {
    "A": 1.5214023572062199,
    "B": 0.0023013640581964713,
    "Tx": 61.5133660930201,
    "C": -0.0184915261021454,
    "D": -1.496550070592485,
    "Ty": 2957.921907905779
  },
  "generatedAt": "2026-01-24T07:53:37.0638360-06:00",
  "calibPointCount": 23,
  "layerOffsetX": 0,
  "layerOffsetY": 0
}