{
  "region": "RiverValleyRegion",
  "affineMatrix": {
    "A": 1.54167604794183,
    "B": -0.01805843117894588,
    "Tx": 64.9698815823994,
    "C": -0.008218770739351742,
    "D": -1.5071243283067932,
    "Ty": 2956.8229711555978
  },
  "generatedAt": "2026-01-11T08:33:48.8280848-06:00",
  "calibPointCount": 18,
  "layerOffsetX": 0,
  "layerOffsetY": 0
}