{
  "region": "RiverValleyRegion",
  "affineMatrix": {
    "A": 1.5236501592919343,
    "B": 0.00197119779513579,
    "Tx": 61.530826032244825,
    "C": -0.01765732967842956,
    "D": -1.4975449299610262,
    "Ty": 2958.2870235933083
  },
  "generatedAt": "2026-01-24T07:06:59.3480958-06:00",
  "calibPointCount": 20,
  "layerOffsetX": 0,
  "layerOffsetY": 0
}