{
  "region": "RuralRegion",
  "affineMatrix": {
    "A": 0.00142720071414083,
    "B": 1.4950626097669975,
    "Tx": -317.8680095759911,
    "C": 1.5038837170024517,
    "D": -0.0034022158191049073,
    "Ty": -635.6807481191483
  },
  "generatedAt": "2026-01-07T15:50:42.5107240Z",
  "calibPointCount": 31,
  "layerOffsetX": 547.95203,
  "layerOffsetY": 495.03543
}