{
    "region": "RuralRegion",
    "affineMatrix": {
        "A": -0.0015574938675996066,
        "B": 1.4947303071523665,
        "Tx": 233.8296530340219,
        "C": 1.4981085607187352,
        "D": -0.0037853797132062134,
        "Ty": -136.9381937157863
    },
    "generatedAt": "2026-01-08T22:46:37.2565213Z",
    "calibPointCount": 31,
    "layerOffsetX": 0,
    "layerOffsetY": 0
}