{
    "region": "RuralRegion",
    "affineMatrix": {
        "A": 0.001427200714141042,
        "B": 1.4950626097669977,
        "Tx": -865.8200395759912,
        "C": 1.5038837170024522,
        "D": -0.0034022158191046666,
        "Ty": -1130.7161781191487
    },
    "generatedAt": "2026-01-07T22:24:25.8171385Z",
    "calibPointCount": 31,
    "layerOffsetX": 547.95203,
    "layerOffsetY": 495.03543
}