{
  "region": "RuralRegion",
  "affineMatrix": {
    "A": -0.0015574976472779484,
    "B": 1.4947303099640599,
    "Tx": 233.82965665868122,
    "C": 1.4981086411829825,
    "D": -0.0037854395703712097,
    "Ty": -136.93827087989467
  },
  "generatedAt": "2026-02-13T08:49:36.3198354-06:00",
  "calibPointCount": 32,
  "layerOffsetX": 0,
  "layerOffsetY": 0
}