{
  "region": "TracksRegion",
  "affineMatrix": {
    "A": 0.10154912390599685,
    "B": 1.404138521508284,
    "Tx": -134.70141508315712,
    "C": 1.4178367132563499,
    "D": 0.0060512725426264844,
    "Ty": 458.4087528552763
  },
  "generatedAt": "2026-01-11T07:39:31.1644662-06:00",
  "calibPointCount": 3,
  "layerOffsetX": 0,
  "layerOffsetY": 0
}