{
  "region": "WhalingMine",
  "affineMatrix": {
    "A": -6.463829276932015,
    "B": -5.361043267147693,
    "Tx": 640.4699041353073,
    "C": -6.951444940903913,
    "D": 7.757901386487842,
    "Ty": 5.793148789071567
  },
  "generatedAt": "2026-01-21T03:49:14.4654542-06:00",
  "calibPointCount": 4,
  "layerOffsetX": 0,
  "layerOffsetY": 0
}