{
  "region": "WhalingStationRegion",
  "affineMatrix": {
    "A": 1.512722711939404,
    "B": 0.004462551793381524,
    "Tx": 109.67706214833855,
    "C": -0.01402841457934479,
    "D": -1.495485734216938,
    "Ty": 2678.409405103498
  },
  "generatedAt": "2026-01-21T06:04:52.8790582-06:00",
  "calibPointCount": 13,
  "layerOffsetX": 0,
  "layerOffsetY": 0
}