{
  "region": "WhalingStationRegion",
  "affineMatrix": {
    "A": 1.5152047430637703,
    "B": 0.03191293148967252,
    "Tx": 81.51790467440664,
    "C": 0.0030658034107919336,
    "D": -1.4894120928672772,
    "Ty": 2655.271471023109
  },
  "generatedAt": "2026-01-21T04:13:46.0642090-06:00",
  "calibPointCount": 9,
  "layerOffsetX": 0,
  "layerOffsetY": 0
}