{
  "region": "WhalingStationRegion",
  "affineMatrix": {
    "A": 1.520390259446282,
    "B": 0.00704535777182043,
    "Tx": 99.30048310315678,
    "C": 0.004924748703121975,
    "D": -1.4891013794552126,
    "Ty": 2652.759874170646
  },
  "generatedAt": "2026-01-21T04:25:44.9512537-06:00",
  "calibPointCount": 12,
  "layerOffsetX": 0,
  "layerOffsetY": 0
}