{
  "region": "WhalingStationRegion",
  "affineMatrix": {
    "A": 1.5219083030485914,
    "B": 0.007338443739148303,
    "Tx": 100.92819044034567,
    "C": 0.008726288664726165,
    "D": -1.483168182670716,
    "Ty": 2645.40320267629
  },
  "generatedAt": "2026-01-11T06:18:11.0101667-06:00",
  "calibPointCount": 4,
  "layerOffsetX": 0,
  "layerOffsetY": 0
}